product_name,drug_varient,product_photo_url,product_photo_url,final_price,original_price,offer,is_in_stock
Pro360 MOM Nutritional Protein Powder - French Vanilla Flavour 400 gm,Mfr: Gmn Healthcare Pvt Ltd,https://www.netmeds.com/images/product-v1/150x150/918431/pro360_mom_nutritional_protein_powder_french_vanilla_flavour_400_gm_0_0.jpg,https://www.netmeds.com/non-prescriptions/pro360-mom-nutritional-protein-powder-french-vanilla-flavour-400-gm,Rs. 471.75,Rs. 555.00,15% OFF,True
Pro360 MOM Nutritional Protein Powder - Swiss Chocolate Flavour 400 gm,Mfr: Gmn Healthcare Pvt Ltd,https://www.netmeds.com/images/product-v1/150x150/918432/pro360_mom_nutritional_protein_powder_swiss_chocolate_flavour_400_gm_0_0.jpg,https://www.netmeds.com/non-prescriptions/pro360-mom-nutritional-protein-powder-swiss-chocolate-flavour-400-gm,Rs. 471.75,Rs. 555.00,15% OFF,True
Nestle Nan Pro 2 (6 Months+) Powder 400 gm (Refill Pack),Mfr: Nestle India Ltd,https://www.netmeds.com/images/product-v1/150x150/13457/nestle_nan_pro_2_6_months_powder_400_gm_refill_pack_0.jpg,https://www.netmeds.com/non-prescriptions/nestle-nan-pro-2-400g-box,Rs. 620.00,None,None,True
Similac IQ+ Stage 1 (Upto 6 Months) 400 gm Powder Tin,Mfr: Abbott Healthcare Pvt Ltd,https://www.netmeds.com/images/product-v1/150x150/411957/similac_iq_stage_1_upto_6_months_400_gm_powder_tin_0_3.jpg,https://www.netmeds.com/non-prescriptions/similac-iq-plus-stage-1-powder-400gm,Rs. 680.00,None,None,True
Nestle Nan Pro 1 (Upto 6 Months) Powder 400 gm -Tin,Mfr: Nestle India Ltd,https://www.netmeds.com/images/product-v1/150x150/13455/nestle_nan_pro_1_upto_6_months_powder_400_gm_tin_0.jpg,https://www.netmeds.com/non-prescriptions/nestle-nan-pro-1-400g-tin,Rs. 640.00,None,None,True
Nestle Nan Pro 1 (Upto 6 Months) Powder 400 gm (Refill Pack),Mfr: Nestle India Ltd,https://www.netmeds.com/images/product-v1/150x150/13454/nestle_nan_pro_1_upto_6_months_powder_400_gm_refill_pack_0_0.jpg,https://www.netmeds.com/non-prescriptions/nestle-nan-pro-1-400g-box,Rs. 610.00,None,None,True
Similac IQ+ Stage 3 (12 - 24 Months) Powder 400 gm -Tin,Mfr: Abbott Healthcare Pvt Ltd,https://www.netmeds.com/images/product-v1/150x150/849092/similac_iq_stage_3_12_24_months_powder_400_gm_tin_0_2.jpg,https://www.netmeds.com/non-prescriptions/similac-iq-stage-3-12-to-24-months-tin-400-gm,Rs. 680.00,None,None,True
I Know Ovulation Strip,Mfr: Piramal Healthcare Ltd,https://www.netmeds.com/images/product-v1/150x150/363064/i_know_ovulation_strip_0.jpg,https://www.netmeds.com/non-prescriptions/i-know-ovulation-strip,Rs. 483.12,Rs. 549.00,12% OFF,True
Nestle Lactogen Stage 1 (Upto 6 Months) Powder 400 gm (Tin),Mfr: Nestle India Ltd,https://www.netmeds.com/images/product-v1/150x150/13450/nestle_lactogen_stage_1_upto_6_months_powder_400_gm_tin_0_1.jpg,https://www.netmeds.com/non-prescriptions/nestle-lactogen-infant-formula-1-400gm-tin,Rs. 350.00,None,None,True
Aptamil Infant Formula Stage 1 (0 to 6 months) Powder 400 gm (Tin),Mfr: Danone Nutricia India,https://www.netmeds.com/images/product-v1/150x150/848628/aptamil_stage_1_powder_400_gm_tin_0_1.jpg,https://www.netmeds.com/non-prescriptions/aptamil-stage-1-tin-400-gm,Rs. 715.00,None,None,True
INLIFE B Firm Natural Breast Tightening Cream 100 gm,Mfr: Inlife Pharma Pvt Ltd,https://www.netmeds.com/images/product-v1/150x150/858160/inlife_b_firm_natural_breast_tightening_cream_100_gm_0.jpg,https://www.netmeds.com/non-prescriptions/inlife-b-firm-atural-breast-firming-massage-cream-100-grams-100-gm,Rs. 289.50,Rs. 579.00,50% OFF,True
VWash Plus Expert Intimate Hygiene Wash 200 ml,Mfr: Hindustan Unilever Ltd,https://www.netmeds.com/images/product-v1/150x150/111909/vwash_plus_expert_intimate_hygiene_wash_200_ml_0_2.jpg,https://www.netmeds.com/non-prescriptions/v-wash-plus-lotion-200ml,Rs. 270.00,Rs. 300.00,10% OFF,True
Nestle Nan Pro 3 (12 Months+) Powder 400 gm (Refill Pack),Mfr: Nestle India Ltd,https://www.netmeds.com/images/product-v1/150x150/13456/nestle_nan_pro_3_12_months_powder_400_gm_refill_pack_0_1.jpg,https://www.netmeds.com/non-prescriptions/nestle-nan-pro-3-400g-box,Rs. 610.00,None,None,True
Similac Isomil Soy Infant Formula 400 gm - Tin,Mfr: Abbott Healthcare Pvt Ltd,https://www.netmeds.com/images/product-v1/150x150/14626/similac_isomil_soy_infant_formula_400_gm_tin_0_3.jpg,https://www.netmeds.com/non-prescriptions/similac-isomil-soy-infant-formula-tin-400g,Rs. 530.00,None,None,True
Nestle Nan Excella Pro 2 (6 Months+) Powder 400 gm (Refill Pack),Mfr: Nestle India Ltd,https://www.netmeds.com/images/product-v1/150x150/410889/nestle_nan_excella_pro_2_6_months_powder_400_gm_refill_pack_0_0.jpg,https://www.netmeds.com/non-prescriptions/nestle-nan-excella-pro-2-400gm,Rs. 720.00,None,None,True
Enfamil Follow Up Formula A+ Stage 2 (6-12 Months) Powder 400 gm-Tin,Mfr: Reckitt Benckiser India Ltd,https://www.netmeds.com/images/product-v1/150x150/408645/enfamil_follow_up_formula_a_stage_2_6_12_months_powder_400_gm_tin_0_1.jpg,https://www.netmeds.com/non-prescriptions/enfamil-a-stage-2-powder-6-to-12-month-400gm,Rs. 715.00,None,None,True
Nestle Lactogen Stage 2 (6 Months+) Powder 400 gm (Refill Pack),Mfr: Nestle India Ltd,https://www.netmeds.com/images/product-v1/150x150/13451/nestle_lactogen_stage_2_6_months_powder_400_gm_refill_pack_0.jpg,https://www.netmeds.com/non-prescriptions/nestle-lactogen-follow-up-formula-2-400gm-box,Rs. 330.00,None,None,True
Bella Baby Happy Wet Wipes - Milk & Honey 64's,Mfr: Bellapremier Happy Hygienecare Pvt Ltd,https://www.netmeds.com/images/product-v1/150x150/412835/bella_baby_happy_wet_wipes_milk_honey_64_s_0.jpg,https://www.netmeds.com/non-prescriptions/bella-baby-happy-wet-wipes-milk-honey-64-s,Rs. 170.10,Rs. 189.00,10% OFF,True
Enfamil Follow Up Formula A+ Stage 3 (12-24 Months) Powder 400 gm -Tin,Mfr: Reckitt Benckiser India Ltd,https://www.netmeds.com/images/product-v1/150x150/408647/enfamil_follow_up_formula_a_stage_3_12_24_months_powder_400_gm_tin_0_1.jpg,https://www.netmeds.com/non-prescriptions/enfamil-a-stage-3-powder-12-to-24-month-400gm,Rs. 715.00,None,None,True
Dabur Lal Tail 100 ml,Mfr: Dabur India Ltd,https://www.netmeds.com/images/product-v1/150x150/12747/dabur_lal_tail_100_ml_0.jpg,https://www.netmeds.com/non-prescriptions/dabur-lal-tail-100ml,Rs. 95.00,Rs. 100.00,5% OFF,True
Himalaya Extra Moisturizing Baby Wash 100 ml,Mfr: Himalaya Baby Care,https://www.netmeds.com/images/product-v1/150x150/823992/himalaya_extra_moisturizing_baby_wash_100_ml_0.jpg,https://www.netmeds.com/non-prescriptions/himalaya-baby-extra-moisturizing-baby-wash-100-ml,Rs. 76.50,Rs. 85.00,10% OFF,True
Himalaya Total Care Baby Pants (M) 28's,Mfr: Himalaya Baby Care,https://www.netmeds.com/images/product-v1/150x150/824052/himalaya_total_care_baby_pants_m_28_s_0.jpg,https://www.netmeds.com/non-prescriptions/himalaya-total-care-baby-pants-medium-m-28-s,Rs. 360.00,Rs. 400.00,10% OFF,True
Pampers Baby-Dry Pants (M) 8's,Mfr: Procter & Gamble,https://www.netmeds.com/images/product-v1/150x150/410511/pampers_baby_dry_pants_m_8_s_0.jpg,https://www.netmeds.com/non-prescriptions/pampers-baby-dry-pants-m-8-s,Rs. 115.00,None,None,True
Pampers Baby Dry Pants (L) 46's,Mfr: Procter & Gamble,https://www.netmeds.com/images/product-v1/150x150/836480/pampers_baby_dry_pants_l_46s_0_0.jpg,https://www.netmeds.com/non-prescriptions/pampers-baby-dry-pants-l-46-s,Rs. 699.00,None,None,True
Johnson's Baby Lotion 100 ml,Mfr: Johnson & Johnson Pvt Ltd,https://www.netmeds.com/images/product-v1/150x150/13701/johnson_s_baby_lotion_100_ml_0.jpg,https://www.netmeds.com/non-prescriptions/johnson-s-baby-lotion-100ml,Rs. 88.00,None,None,True
Johnson's Baby Lotion 200 ml,Mfr: Johnson & Johnson Pvt Ltd,https://www.netmeds.com/images/product-v1/150x150/13702/johnson_s_baby_lotion_200_ml_0.jpg,https://www.netmeds.com/non-prescriptions/johnson-s-baby-lotion-200ml,Rs. 165.00,None,None,True
Johnson's Baby Hair Oil 200 ml,Mfr: Johnson & Johnson Pvt Ltd,https://www.netmeds.com/images/product-v1/150x150/13754/johnson_s_baby_hair_oil_200_ml_0.jpg,https://www.netmeds.com/non-prescriptions/johnson-s-baby-hair-oil-200ml,Rs. 120.00,None,None,True
Pampers Baby-Dry Pants (XL) 36's,Mfr: Procter & Gamble,https://www.netmeds.com/images/product-v1/150x150/859646/pampers_baby_dry_pants_xl_36s_0_0.jpg,https://www.netmeds.com/non-prescriptions/pampers-baby-dry-pants-xl-36-s,Rs. 699.00,None,None,True
Johnson Milk + Rice Cream 50 gm,Mfr: Johnson & Johnson Pvt Ltd,https://www.netmeds.com/images/product-v1/150x150/835388/johnson_milk_rice_cream_50_gm_0.jpg,https://www.netmeds.com/non-prescriptions/johnson-milk-rice-cream-50-gm,Rs. 80.00,None,None,True
Mamaearth After Bite Roll On - Reduces Itch & Rashes 40 ml,Mfr: Honasa Consumer Pvt Ltd,https://www.netmeds.com/images/product-v1/150x150/824823/mamaearth_after_bite_roll_on_reduces_itch_rashes_40_ml_0.jpg,https://www.netmeds.com/non-prescriptions/mamaearth-after-bite-roll-on-for-rashes-and-mosquito-bite-40-gm,Rs. 199.20,Rs. 249.00,20% OFF,True
Sri Sri Tattva Shishu Taila 100 ml,Mfr: Sriveda Sattva Pvt Ltd,https://www.netmeds.com/images/product-v1/150x150/824304/sri_sri_tattva_shishu_taila_100_ml_0.jpg,https://www.netmeds.com/non-prescriptions/srisri-tattva-shishu-taila-100ml,Rs. 190.00,Rs. 200.00,5% OFF,True
Richfeel Intimate Wash 100 ml,Mfr: Richfeel Health & Beauty,https://www.netmeds.com/images/product-v1/150x150/829204/richfeel_intimate_wash_100_ml_0.jpg,https://www.netmeds.com/non-prescriptions/richfeel-intimate-wash-intimate-cleansing-100-ml,Rs. 243.00,None,None,True
Sannap Fda Approved Menstrual Cup (S) & Intimate Foaming Wash Pack 100 ml,Mfr: San Nap Healthcare,https://www.netmeds.com/images/product-v1/150x150/842167/sannap_fda_approved_menstrual_cup_s_intimate_foaming_wash_pack_100_ml_0.jpg,https://www.netmeds.com/non-prescriptions/sannap-fda-approved-menstrual-cup-intimate-foaming-wash-small-1-s-pack,Rs. 508.30,Rs. 598.00,15% OFF,True
Curegarden Dha 40-90 Softgels,Mfr: Livlong Nutraceuticals Ltd,https://www.netmeds.com/images/product-v1/150x150/409606/curegarden_dha_40_90_softgels_0.jpg,https://www.netmeds.com/non-prescriptions/curegarden-dha-40-90-softgels,Rs. 827.00,None,None,True
Pampers Premium Care Pants (S) 28's,Mfr: Procter & Gamble,https://www.netmeds.com/images/product-v1/150x150/847885/pampers_premium_care_pants_s_28s_0_0.jpg,https://www.netmeds.com/non-prescriptions/pampers-premium-care-pants-s-28-s,Rs. 399.00,None,None,True
Pampers Baby Dry (L) 18's,Mfr: Procter & Gamble,https://www.netmeds.com/images/product-v1/150x150/847886/pampers_baby_dry_l_18s_0_0.jpg,https://www.netmeds.com/non-prescriptions/pampers-baby-dry-l-18-s,Rs. 325.00,None,None,True
Chicco Baby Moments No Tears Shampoo 500 ml,Mfr: Artsana India Pvt Ltd,https://www.netmeds.com/images/product-v1/150x150/815132/chicco_baby_moments_no_tears_shampoo_500_ml_0.jpg,https://www.netmeds.com/non-prescriptions/chicco-no-tears-shampoo-500ml,Rs. 404.10,Rs. 449.00,10% OFF,True
Medo Specia Stand & Pee Female Urination Device,Mfr: Tidal Healthcare Pvt. Ltd,https://www.netmeds.com/images/product-v1/150x150/925726/medo_specia_stand_pee_female_urination_device_1s_0_0.jpg,https://www.netmeds.com/non-prescriptions/medo-specia-stand-pee-female-urination-device-1s,Rs. 165.00,None,None,True
Dobact Intima With Prebiotic Leave on Spray 60 ml,Mfr: Tidal Healthcare Pvt. Ltd,https://www.netmeds.com/images/product-v1/150x150/925725/dobact_intima_with_prebiotic_leave_on_spray_60_ml_0_0.jpg,https://www.netmeds.com/non-prescriptions/dobact-intima-with-prebiotic-leave-on-spray-60-ml,Rs. 192.00,None,None,True
Chicco Baby Moments No Tears Shampoo 200 ml,Mfr: Artsana India Pvt Ltd,https://www.netmeds.com/images/product-v1/150x150/815131/chicco_baby_moments_no_tears_shampoo_200_ml_0.jpg,https://www.netmeds.com/non-prescriptions/chicco-no-tears-shampoo-200ml,Rs. 152.10,Rs. 169.00,10% OFF,True
Chicco Fresh Relax Ring with Handle Teether,Mfr: Artsana India Pvt Ltd,https://www.netmeds.com/images/product-v1/150x150/815125/chicco_fresh_relax_ring_with_handle_teether_0.jpg,https://www.netmeds.com/non-prescriptions/chicco-fresh-relax-ring-with-handle-teether-1-s,Rs. 314.10,Rs. 349.00,10% OFF,True
Chicco Baby Moments Soap 75 gm,Mfr: Artsana India Pvt Ltd,https://www.netmeds.com/images/product-v1/150x150/815136/chicco_baby_moments_soap_75_gm_0.jpg,https://www.netmeds.com/non-prescriptions/chicco-baby-moments-soap-75gm,Rs. 44.10,Rs. 49.00,10% OFF,True
Chicco Baby Moments Soap 125 gm,Mfr: Artsana India Pvt Ltd,https://www.netmeds.com/images/product-v1/150x150/815138/chicco_baby_moments_soap_125_gm_0.jpg,https://www.netmeds.com/non-prescriptions/chicco-baby-moments-soap-125gm,Rs. 71.10,Rs. 79.00,10% OFF,True
Chicco Baby Moments Soft Cleansing Wipes without Flip Cover 20's,Mfr: Artsana India Pvt Ltd,https://www.netmeds.com/images/product-v1/150x150/815166/chicco_baby_moments_soft_cleansing_wipes_without_flip_cover_20_s_0.jpg,https://www.netmeds.com/non-prescriptions/chicco-baby-moments-wipes-20-s,Rs. 67.50,Rs. 75.00,10% OFF,True
Life & Pursuits Real Organic Diaper Rash Cream 50 gm,Mfr: Consul Nature Elements Global Pvt Ltd,https://www.netmeds.com/images/product-v1/150x150/929846/life_pursuits_real_organic_diaper_rash_cream_50_gm_0_0.jpg,https://www.netmeds.com/non-prescriptions/life-pursuits-real-organic-diaper-rash-cream-50-gm,Rs. 299.00,None,None,True
Chicco Baby Moments Talcum Powder 150 gm,Mfr: Artsana India Pvt Ltd,https://www.netmeds.com/images/product-v1/150x150/815152/chicco_baby_moments_talcum_powder_150_gm_0.jpg,https://www.netmeds.com/non-prescriptions/chicco-baby-moments-talcum-powder-150-gm,Rs. 161.10,Rs. 179.00,10% OFF,True
Chicco Baby Moments Soft Cleansing wipes without flip cover (Pack of 2 x 72's),Mfr: Artsana India Pvt Ltd,https://www.netmeds.com/images/product-v1/150x150/815181/chicco_baby_moments_soft_cleansing_wipes_without_flip_cover_pack_of_2_x_72_s_0.jpg,https://www.netmeds.com/non-prescriptions/chicco-baby-moments-bipack-baby-wipes-144-s,Rs. 287.10,Rs. 319.00,10% OFF,True
Pampers Baby Wipes 8's,Mfr: Procter & Gamble,https://www.netmeds.com/images/product-v1/150x150/860252/pampers_baby_wipes_8s_0_0.jpg,https://www.netmeds.com/non-prescriptions/pampers-baby-wipes-8-s,Rs. 30.00,None,None,True
Chicco Baby Moments Soft Cleansing wipes without Flip cover 72's,Mfr: Artsana India Pvt Ltd,https://www.netmeds.com/images/product-v1/150x150/815188/chicco_baby_moments_soft_cleansing_wipes_without_flip_cover_72_s_0.jpg,https://www.netmeds.com/non-prescriptions/chicco-baby-moments-sticker-baby-wipes-72-s,Rs. 170.10,Rs. 189.00,10% OFF,True
Chicco Baby Moments Soft Cleansing wipes with Flip cover 72's,Mfr: Artsana India Pvt Ltd,https://www.netmeds.com/images/product-v1/150x150/815184/chicco_baby_moments_soft_cleansing_wipes_with_flip_cover_72_s_0.jpg,https://www.netmeds.com/non-prescriptions/chicco-baby-moments-fliptop-baby-wipes-72-s,Rs. 197.10,Rs. 219.00,10% OFF,True
Floh Tampons -Combo Regular (Pack of 3 x 10's),Mfr: Unexo Life Sciences Pvt Ltd,https://www.netmeds.com/images/product-v1/150x150/827534/floh_tampons_combo_regular_pack_of_3_x_10_s_0.jpg,https://www.netmeds.com/non-prescriptions/floh-tampons-regular-combo-of-3-30-s,Rs. 345.00,None,None,True
Floh Super-Combo Tampons (Pack of 3 X 10's),Mfr: Unexo Life Sciences Pvt Ltd,https://www.netmeds.com/images/product-v1/150x150/827535/floh_super_combo_tampons_pack_of_3_x_10_s_0.jpg,https://www.netmeds.com/non-prescriptions/floh-tampons-super-combo-of-3-30-s,Rs. 360.00,None,None,True
Little's Classic Mini Feeding Bottle - Blue 120 ml,Mfr: Piramal Healthcare Ltd,https://www.netmeds.com/images/product-v1/150x150/905374/littles_classic_mini_feeding_bottle_blue_120_ml_0_1.jpg,https://www.netmeds.com/non-prescriptions/littles-classic-mini-feeding-bottle-blue-120-ml,Rs. 148.75,Rs. 175.00,15% OFF,True
Nestle Cerelac Stage 2 (8 Months+) Powder 300 gm - Khichdi with Vegetables & Ghee (Refill Pack),Mfr: Nestle India Ltd,https://www.netmeds.com/images/product-v1/150x150/835736/nestle_cerelac_stage_2_8_months_powder_300_gm_khichdi_with_vegetables_ghee_refill_pack_0.jpg,https://www.netmeds.com/non-prescriptions/nestle-cerelac-khichdi-with-vegetable-ghee-stage-2-from-8-months-300-gm,Rs. 240.00,None,None,True
J.L.Morison Cool Buddy Water Teether - Strawberry shape,Mfr: J L Morrison India Ltd,https://www.netmeds.com/images/product-v1/150x150/905370/j_l_morison_cool_buddy_water_teether_strawberry_shape_0_0.jpg,https://www.netmeds.com/non-prescriptions/j-l-morison-cool-buddy-water-teether-strawberry-shape-1s,Rs. 82.50,Rs. 110.00,25% OFF,True
Floh Combo ( Regular+ 2 Super) Tampons 30's,Mfr: Unexo Life Sciences Pvt Ltd,https://www.netmeds.com/images/product-v1/150x150/827536/floh_combo_regular_2_super_tampons_30_s_0.jpg,https://www.netmeds.com/non-prescriptions/floh-tampons-regular-2-super-combo-of-3-30-s,Rs. 355.00,None,None,True
Floh Combo ( Super+ 2 Regular) Tampons 30's,Mfr: Unexo Life Sciences Pvt Ltd,https://www.netmeds.com/images/product-v1/150x150/827537/floh_combo_super_2_regular_tampons_30_s_0.jpg,https://www.netmeds.com/non-prescriptions/floh-tampons-super-2-regular-combo-of-3-30-s,Rs. 350.00,None,None,True
Pee Safe Aloe Vera Panty Liners 25's,Mfr: Redcliffe Hygiene Private Limited,https://www.netmeds.com/images/product-v1/150x150/827538/pee_safe_aloe_vera_panty_liners_25_s_0.jpg,https://www.netmeds.com/non-prescriptions/pee-safe-aloe-vera-panty-liners-25-s,Rs. 120.00,None,None,True
Peebuddy Ladies Stand and Pee Disposable Urination Funnel 5's,Mfr: Sirona Hygiene Private Limited,https://www.netmeds.com/images/product-v1/150x150/802988/peebuddy_ladies_stand_and_pee_disposable_urination_funnel_5s_0_1.jpg,https://www.netmeds.com/non-prescriptions/peebuddy-disposable-portable-female-urination-device-for-women-5-s,Rs. 80.40,Rs. 120.00,33% OFF,True
BodyGuard - Baby Diapers and Sanitary Disbosable Bags- 15's,Mfr: Sirona Hygiene Private Limited,https://www.netmeds.com/images/product-v1/150x150/802989/bodyguard_baby_diapers_and_sanitary_disbosable_bags_15_s_0.jpg,https://www.netmeds.com/non-prescriptions/baby-diapers-sanitary-disposable-bag-by-sirona-15-s,Rs. 84.15,Rs. 99.00,15% OFF,True
Peebuddy Ladies Stand and Pee Disposable Urination Funnel 20's,Mfr: Sirona Hygiene Private Limited,https://www.netmeds.com/images/product-v1/150x150/802990/peebuddy_ladies_stand_and_pee_disposable_urination_funnel_20s_0_1.jpg,https://www.netmeds.com/non-prescriptions/peebuddy-disposable-portable-female-urination-device-for-women-20-s,Rs. 227.50,Rs. 325.00,30% OFF,True
Sirona Under Arm Sweat Pads 12's,Mfr: Sirona Hygiene Private Limited,https://www.netmeds.com/images/product-v1/150x150/802984/sirona_under_arm_sweat_pads_12s_0_1.jpg,https://www.netmeds.com/non-prescriptions/sirona-under-arm-sweat-pads-12-s,Rs. 127.65,Rs. 185.00,31% OFF,True
Sirona FDA Approved Non-Applicator Tampon - Medium Flow 20's,Mfr: Sirona Hygiene Private Limited,https://www.netmeds.com/images/product-v1/150x150/802985/sirona_fda_approved_non_applicator_tampon_medium_flow_20s_0_1.jpg,https://www.netmeds.com/non-prescriptions/sirona-premium-digital-medium-flow-tampons-20-s,Rs. 171.10,Rs. 295.00,42% OFF,True
Sirona FDA Approved Premium Digital Tampon - (Heavy Flow) 20's,Mfr: Sirona Hygiene Private Limited,https://www.netmeds.com/images/product-v1/150x150/802986/sirona_fda_approved_premium_digital_tampon_heavy_flow_20s_0_1.jpg,https://www.netmeds.com/non-prescriptions/sirona-premium-digital-heavy-flow-tampons-20-s,Rs. 176.40,Rs. 315.00,44% OFF,True
i-activ Menstrual Cup (L),"Mfr: Guangdong Yuxiang Silicone & Plastic Co., Ltd.",https://www.netmeds.com/images/product-v1/150x150/921768/i_activ_menstrual_cup_l_0_0.jpg,https://www.netmeds.com/non-prescriptions/i-activ-menstrual-cup-l-1s,Rs. 287.36,Rs. 449.00,36% OFF,True
i-activ Menstrual Cup (M),"Mfr: Guangdong Yuxiang Silicone & Plastic Co., Ltd.",https://www.netmeds.com/images/product-v1/150x150/921769/i_activ_menstrual_cup_m_0_0.jpg,https://www.netmeds.com/non-prescriptions/i-activ-menstrual-cup-m-1s,Rs. 287.28,Rs. 399.00,28% OFF,True
Pro360 MOM Nutritional Powder - Dry Fruits with Saffron Flavour 250 gm,Mfr: Gmn Healthcare Pvt Ltd,https://www.netmeds.com/images/product-v1/150x150/889023/pro360_mom_nutritional_powder_dry_fruits_with_saffron_flavour_250_gm_0.jpg,https://www.netmeds.com/non-prescriptions/pro360-mom-nutritional-powder-dry-fruits-with-saffron-flavour-250-gm,Rs. 420.75,Rs. 495.00,15% OFF,True
Peebuddy Standard Travel Hygiene Kit for Her,Mfr: Sirona Hygiene Private Limited,https://www.netmeds.com/images/product-v1/150x150/802994/peebuddy_standard_travel_hygiene_kit_for_her_0.jpg,https://www.netmeds.com/non-prescriptions/peebuddy-standard-travel-hygiene-kit-for-her-1-s,Rs. 254.15,Rs. 299.00,15% OFF,True
Pampers Premium Care Pants (S) 21's,Mfr: Procter & Gamble,https://www.netmeds.com/images/product-v1/150x150/905394/pampers_premium_care_pants_s_21s_0_0.jpg,https://www.netmeds.com/non-prescriptions/pampers-premium-care-pants-s-21s,Rs. 299.00,None,None,True
Peebuddy Premium Travel Hygiene Kit for Her,Mfr: Sirona Hygiene Private Limited,https://www.netmeds.com/images/product-v1/150x150/802995/peebuddy_premium_travel_hygiene_kit_for_her_0.jpg,https://www.netmeds.com/non-prescriptions/peebuddy-premium-travel-hygiene-kit-for-her-1-s,Rs. 749.25,Rs. 999.00,25% OFF,True
Dabur Lal Tail 50 ml,Mfr: Dabur India Ltd,https://www.netmeds.com/images/product-v1/150x150/413893/dabur_lal_tail_50_ml_0.jpg,https://www.netmeds.com/non-prescriptions/dabur-lal-tail-50ml,Rs. 50.00,None,None,True
Stayfree Secure Dry Cover with Wings Sanitary Pads - Regular 7's,Mfr: Johnson & Johnson Pvt Ltd,https://www.netmeds.com/images/product-v1/150x150/929990/stayfree_secure_dry_cover_with_wings_sanitary_pads_regular_7s_0_0.jpg,https://www.netmeds.com/non-prescriptions/stayfree-secure-dry-cover-with-wings-sanitary-pads-regular-7s,Rs. 30.00,None,None,True
Baby Dove Rich Moisture Bathing Bar 50 gm,Mfr: Hindustan Unilever Ltd,https://www.netmeds.com/images/product-v1/150x150/409821/baby_dove_rich_moisture_bathing_bar_50_gm_0.jpg,https://www.netmeds.com/non-prescriptions/dove-rich-moisture-baby-soap-50g,Rs. 32.00,None,None,True
Baby Dove Rich Moisture Bathing Bar 75 gm,Mfr: Hindustan Unilever Ltd,https://www.netmeds.com/images/product-v1/150x150/409819/baby_dove_rich_moisture_bathing_bar_75_gm_0.jpg,https://www.netmeds.com/non-prescriptions/dove-rich-moisture-baby-soap-75gm,Rs. 52.00,None,None,True
Sirona Natural Refreshing pH Balanced Intimate Wash 200 ml,Mfr: Sirona Hygiene Private Limited,https://www.netmeds.com/images/product-v1/150x150/901349/sirona_natural_ph_balance_intimate_wash_200_ml_0_0.jpg,https://www.netmeds.com/non-prescriptions/sirona-natural-ph-balance-intimate-wash-200-ml,Rs. 272.22,Rs. 349.00,22% OFF,True
Pee Safe 100% Organic Cotton Biodegradable Panty Liners 15's,Mfr: Redcliffe Hygiene Private Limited,https://www.netmeds.com/images/product-v1/150x150/897273/pee_safe_100_organic_cotton_biodegradable_panty_liners_15_s_0.jpg,https://www.netmeds.com/non-prescriptions/pee-safe-100-organic-cotton-biodegradable-panty-liners-15-s,Rs. 199.00,None,None,True
Pee Safe 100% Organic Cotton Biodegradable Sanitary Pads (Regular) 10's,Mfr: Redcliffe Hygiene Private Limited,https://www.netmeds.com/images/product-v1/150x150/897272/pee_safe_100_organic_cotton_biodegradable_sanitary_pads_regular_10_s_0.jpg,https://www.netmeds.com/non-prescriptions/pee-safe-100-organic-cotton-biodegradable-sanitary-pads-regular-10-s,Rs. 299.00,None,None,True
Pee Safe Reusable Menstrual Cup - (Large),Mfr: Redcliffe Hygiene Private Limited,https://www.netmeds.com/images/product-v1/150x150/897275/pee_safe_reusable_menstrual_cup_large_0.jpg,https://www.netmeds.com/non-prescriptions/pee-safe-reusable-menstrual-cup-large,Rs. 499.00,None,None,True
Pee Safe Reusable Menstrual Cup - (Small),Mfr: Redcliffe Hygiene Private Limited,https://www.netmeds.com/images/product-v1/150x150/897274/pee_safe_reusable_menstrual_cup_small_0.jpg,https://www.netmeds.com/non-prescriptions/pee-safe-reusable-menstrual-cup-small,Rs. 499.00,None,None,True
Pee Safe Organic Cotton Tampons (Super plus) 16's,Mfr: Redcliffe Hygiene Private Limited,https://www.netmeds.com/images/product-v1/150x150/897269/pee_safe_organic_cotton_tampons_super_plus_16s_0_1.jpg,https://www.netmeds.com/non-prescriptions/pee-safe-organic-cotton-tampons-super-plus-16-s,Rs. 349.00,None,None,True
Pee Safe Organic Cotton Tampons (Super) 16's,Mfr: Redcliffe Hygiene Private Limited,https://www.netmeds.com/images/product-v1/150x150/897268/pee_safe_organic_cotton_tampons_super_16s_0_1.jpg,https://www.netmeds.com/non-prescriptions/pee-safe-organic-cotton-tampons-super-16-s,Rs. 320.00,None,None,True
Pee Safe 100% Organic Cotton Biodegradable Sanitary Pads (Overnight) 10's,Mfr: Redcliffe Hygiene Private Limited,https://www.netmeds.com/images/product-v1/150x150/897270/pee_safe_100_organic_cotton_biodegradable_sanitary_pads_overnight_10_s_0.jpg,https://www.netmeds.com/non-prescriptions/pee-safe-100-organic-cotton-biodegradable-sanitary-pads-overnight-10-s,Rs. 299.00,None,None,True
Pee Safe Disposable Underarm Sweat Pads Folded (7 Pairs),Mfr: Redcliffe Hygiene Private Limited,https://www.netmeds.com/images/product-v1/150x150/897265/pee_safe_disposable_underarm_sweat_pads_folded_7_pairs_0.jpg,https://www.netmeds.com/non-prescriptions/pee-safe-disposable-underarm-sweat-pads-folded-7-pairs,Rs. 180.00,None,None,True
Pee Safe Feminine Cramp Relief Roll On 10 ml,Mfr: Redcliffe Hygiene Private Limited,https://www.netmeds.com/images/product-v1/150x150/897264/pee_safe_feminine_cramp_relief_roll_on_10_ml_0.jpg,https://www.netmeds.com/non-prescriptions/pee-safe-feminine-cramp-relief-roll-on-10-ml,Rs. 199.00,None,None,True
Pee Safe Organic Cotton Tampon (Regular) 16's,Mfr: Redcliffe Hygiene Private Limited,https://www.netmeds.com/images/product-v1/150x150/897267/pee_safe_organic_cotton_tampon_regular_16_s_0.jpg,https://www.netmeds.com/non-prescriptions/pee-safe-organic-cotton-tampon-regular-16-s,Rs. 279.00,None,None,True
Pee Safe Disposable Breast Pads (Pack of 24),Mfr: Redcliffe Hygiene Private Limited,https://www.netmeds.com/images/product-v1/150x150/897266/pee_safe_disposable_breast_pads_pack_of_24_0.jpg,https://www.netmeds.com/non-prescriptions/pee-safe-disposable-breast-pads-pack-of-24,Rs. 399.00,None,None,True
SEBAMED EXTRA SOFT BABY Cream 50ml,Mfr: Usv Private Ltd,https://www.netmeds.com/images/product-v1/150x150/823580/sebamed_extra_soft_baby_cream_50gm_0.jpg,https://www.netmeds.com/prescriptions/sebamed-extra-soft-baby-cream-50gm,Rs. 222.00,None,None,True
Himalaya Nourishing Baby Soap 125 gm,Mfr: Himalaya Baby Care,https://www.netmeds.com/images/product-v1/150x150/405781/himalaya_nourishing_baby_soap_125_gm_0.jpg,https://www.netmeds.com/non-prescriptions/himalaya-nourishing-baby-soap-125g,Rs. 64.80,Rs. 72.00,10% OFF,True
Pampers Baby-Dry Pants (S) 36's,Mfr: Procter & Gamble,https://www.netmeds.com/images/product-v1/150x150/901394/pampers_baby_dry_pants_s_36s_1_0.jpg,https://www.netmeds.com/non-prescriptions/pampers-baby-dry-pants-s-36s,Rs. 399.00,None,None,True
Fheal Cream 32Gm,Mfr: Lupin Ltd,https://www.netmeds.com/images/product-v1/150x150/319788/fheal_cream_32gm_0.jpg,https://www.netmeds.com/prescriptions/fheal-cream-32gm,Rs. 440.00,None,None,True
Daffy Bar 75gm,Mfr: Dr Reddy'S Laboratories Ltd,https://www.netmeds.com/images/product-v1/150x150/319805/daffy_bar_75gm_0.jpg,https://www.netmeds.com/prescriptions/daffy-bar-75gm,Rs. 173.50,None,None,True
RASHTIN Cream 15gm,Mfr: West Coast Pharmaceutical Works Ltd,https://www.netmeds.com/images/product-v1/150x150/905526/rashtin_cream_15gm_0_0.jpg,https://www.netmeds.com/prescriptions/rashtin-cream-15gm,Rs. 110.00,None,None,True
Himalaya Bonnispaz Drops 15 ml,Mfr: Himalaya Drug Company,https://www.netmeds.com/images/product-v1/150x150/401725/bonnispaz_drops_15ml_0.jpg,https://www.netmeds.com/non-prescriptions/bonnispaz-drops-15ml,Rs. 43.50,Rs. 50.00,13% OFF,True
Sirona Premium Applicator Tampons - (Mix pack) 8's,Mfr: Sirona Hygiene Private Limited,https://www.netmeds.com/images/product-v1/150x150/409927/sirona_premium_applicator_tampons_mix_pack_8_s_0.jpg,https://www.netmeds.com/non-prescriptions/sirona-premium-applicator-tampons-mix-pack-8-pcs-1-pack,Rs. 171.50,Rs. 350.00,51% OFF,True
Sirona Premium Applicator Tampons - (Regular Flow) 16's,Mfr: Sirona Hygiene Private Limited,https://www.netmeds.com/images/product-v1/150x150/409924/sirona_premium_applicator_tampons_normal_flow_16_s_0.jpg,https://www.netmeds.com/non-prescriptions/sirona-premium-applicator-tampons-normal-flow-16-pcs-1-pack,Rs. 302.40,Rs. 630.00,52% OFF,True
Sirona Ultra-thin & Natural Black Sanitary Pad (Small) 10's,Mfr: Sirona Hygiene Private Limited,https://www.netmeds.com/images/product-v1/150x150/901441/sirona_super_soft_black_sanitary_pad_small_10s_0_0.jpg,https://www.netmeds.com/non-prescriptions/sirona-super-soft-black-sanitary-pad-10s,Rs. 161.85,Rs. 249.00,35% OFF,True
Sirona Under Arm Sweat pads 24's,Mfr: Sirona Hygiene Private Limited,https://www.netmeds.com/images/product-v1/150x150/409928/sirona_under_arm_sweat_pads_24s_0_1.jpg,https://www.netmeds.com/non-prescriptions/under-arm-sweat-pads-by-sirona-24-pads-1-pack,Rs. 223.36,Rs. 349.00,36% OFF,True
Sirona Super Soft Black Sanitary Pad (Large) 10's,Mfr: Sirona Hygiene Private Limited,https://www.netmeds.com/images/product-v1/150x150/901442/sirona_super_soft_black_sanitary_pad_large_10s_0_0.jpg,https://www.netmeds.com/non-prescriptions/sirona-super-soft-black-sanitary-pad-sanitary-napkin-10s,Rs. 160.58,Rs. 259.00,38% OFF,True
Pampers All Round Protection Diaper Pants (XL) 20's,Mfr: Procter & Gamble,https://www.netmeds.com/images/product-v1/150x150/921943/pampers_all_round_protection_diaper_pants_xl_20s_0_0.jpg,https://www.netmeds.com/non-prescriptions/pampers-all-round-protection-diaper-pants-xl-20s,Rs. 399.00,None,None,True
Pampers Baby Dry Pants (M) 28's,Mfr: Procter & Gamble,https://www.netmeds.com/images/product-v1/150x150/897389/pampers_baby_dry_pants_m_28s_1_0.jpg,https://www.netmeds.com/non-prescriptions/pampers-baby-dry-pants-m-28-s,Rs. 399.00,None,None,True
Pampers Happy Skin Diaper Pants (S) 2's,Mfr: Procter & Gamble,https://www.netmeds.com/images/product-v1/150x150/921966/pampers_happy_skin_diapers_pants_s_2s_0_0.jpg,https://www.netmeds.com/non-prescriptions/pampers-happy-skin-diapers-pants-s-2s,Rs. 20.00,None,None,True
Pampers Happy Skin Diaper Pants (M) 2's,Mfr: Procter & Gamble,https://www.netmeds.com/images/product-v1/150x150/921967/pampers_happy_skin_diapers_pants_m_2s_0_1.jpg,https://www.netmeds.com/non-prescriptions/pampers-happy-skin-diapers-pants-m-2s,Rs. 24.00,None,None,True
Happynap Cream 20gm,Mfr: Apex Laboratories Pvt Ltd,https://www.netmeds.com/images/product-v1/150x150/405860/happynap_cream_20gm_0.jpg,https://www.netmeds.com/prescriptions/happynap-cream-20gm,Rs. 111.10,None,None,True
Pampers Baby Dry Pants (XL) 21's,Mfr: Procter & Gamble,https://www.netmeds.com/images/product-v1/150x150/897404/pampers_baby_dry_pants_xl_21s_0_0.jpg,https://www.netmeds.com/non-prescriptions/pampers-baby-dry-pants-xl-21-s,Rs. 399.00,None,None,True
Macaria V18 Vaginal Tightening & Sex Appeal Cream 30 gm,Mfr: Suryaveda Cosmeceuticals Pvt Ltd,https://www.netmeds.com/images/product-v1/150x150/913791/macaria_v18_vaginal_tightening_sex_appeal_cream_30_gm_0_0.jpg,https://www.netmeds.com/non-prescriptions/macaria-v18-vaginal-tightening-sex-appeal-cream-30-gm,Rs. 640.00,Rs. 800.00,20% OFF,True
The Woman's Company Stand & Pee Sticks 30's,Mfr: The Woman's Company,https://www.netmeds.com/images/product-v1/150x150/913784/the_womans_company_stand_pee_sticks_30s_0_1.jpg,https://www.netmeds.com/non-prescriptions/the-womans-company-stand-pee-sticks-30s,Rs. 280.00,None,None,True
Pampers Baby Dry Pants (L) 24's,Mfr: Procter & Gamble,https://www.netmeds.com/images/product-v1/150x150/897403/pampers_baby_dry_pants_l_24s_1_0.jpg,https://www.netmeds.com/non-prescriptions/pampers-baby-dry-pants-l-24-s,Rs. 399.00,None,None,True
Macaria Ivanka Intimate Beauty Cream 20 gm,Mfr: Suryaveda Cosmeceuticals Pvt Ltd,https://www.netmeds.com/images/product-v1/150x150/913786/macaria_ivanka_intimate_beauty_cream_20_gm_0_0.jpg,https://www.netmeds.com/non-prescriptions/macaria-ivanka-intimate-beauty-cream-20-gm,Rs. 200.00,Rs. 250.00,20% OFF,True
The Woman's Company Panty Liners - Regular 30's,Mfr: The Woman's Company,https://www.netmeds.com/images/product-v1/150x150/913781/the_womans_company_panty_liners_regular_30s_0_1.jpg,https://www.netmeds.com/non-prescriptions/the-womans-company-panty-liners-regular-30s,Rs. 249.00,None,None,True
The Woman's Company Menstrual Cup - Large,Mfr: The Woman's Company,https://www.netmeds.com/images/product-v1/150x150/913780/the_womans_company_menstrual_cup_large_0_1.jpg,https://www.netmeds.com/non-prescriptions/the-womans-company-menstrual-cup-large-1s,Rs. 550.00,None,None,True
The Woman's Company Stand & Pee Sticks 20's,Mfr: The Woman's Company,https://www.netmeds.com/images/product-v1/150x150/913783/the_womans_company_stand_pee_sticks_20s_0_1.jpg,https://www.netmeds.com/non-prescriptions/the-womans-company-stand-pee-sticks-20s,Rs. 200.00,None,None,True
The Woman's Company Stand & Pee Sticks 5's,Mfr: The Woman's Company,https://www.netmeds.com/images/product-v1/150x150/913782/the_womans_company_stand_pee_sticks_5s_0_1.jpg,https://www.netmeds.com/non-prescriptions/the-womans-company-stand-pee-sticks-5s,Rs. 59.00,None,None,True
J.L.Morison Plastic Feeding Bottle PP with Spoon 125 ml,Mfr: J L Morrison India Ltd,https://www.netmeds.com/images/product-v1/150x150/885134/j_l_morison_plastic_feeding_bottle_pp_with_spoon_125_ml_0_0.jpg,https://www.netmeds.com/non-prescriptions/j-l-morison-plastic-feeding-bottle-pp-with-spoon-125-ml,Rs. 86.25,Rs. 115.00,25% OFF,True
The Woman's Company Sanitary Napkins - Teen Pad 12's,Mfr: The Woman's Company,https://www.netmeds.com/images/product-v1/150x150/913793/the_womans_company_sanitary_napkins_teen_pad_12s_0_0.jpg,https://www.netmeds.com/non-prescriptions/the-womans-company-sanitary-napkins-teen-pad-12s,Rs. 259.00,None,None,True
The Woman's Company Sanitary Napkins - Day Pad 12's,Mfr: The Woman's Company,https://www.netmeds.com/images/product-v1/150x150/913792/the_womans_company_sanitary_napkins_day_pad_12s_0_0.jpg,https://www.netmeds.com/non-prescriptions/the-womans-company-sanitary-napkins-day-pad-12s,Rs. 279.00,None,None,True
Chicco Baby Moments Body Lotion 200 ml,Mfr: Artsana India Pvt Ltd,https://www.netmeds.com/images/product-v1/150x150/815518/chicco_baby_moments_body_lotion_200_ml_0.jpg,https://www.netmeds.com/non-prescriptions/chicco-baby-moments-body-lotion-200ml,Rs. 206.10,Rs. 229.00,10% OFF,True
Mamaearth Dusting Powder For Babies 150 gm,Mfr: Honasa Consumer Pvt Ltd,https://www.netmeds.com/images/product-v1/150x150/860566/mamaearth_dusting_powder_for_babies_150_gm_0.jpg,https://www.netmeds.com/non-prescriptions/mamaearth-dusting-powder-for-babies-150-gm,Rs. 159.20,Rs. 199.00,20% OFF,True
Lokia Pad 8'S,Mfr: Shield Health Care Pvt Ltd,https://www.netmeds.com/images/product-v1/150x150/352678/lokia_pad_8_s_0.jpg,https://www.netmeds.com/prescriptions/lokia-pad-8-s,Rs. 248.00,None,None,True
Chicco Baby Moments Rich Cream 100 gm,Mfr: Artsana India Pvt Ltd,https://www.netmeds.com/images/product-v1/150x150/815524/chicco_baby_moments_rich_cream_100_ml_0.jpg,https://www.netmeds.com/non-prescriptions/chicco-baby-moments-rich-cream-pack-of-2x100ml,Rs. 359.10,Rs. 399.00,10% OFF,True
Chicco Toothbrush (3-6 Years) - Pink,Mfr: Artsana India Pvt Ltd,https://www.netmeds.com/images/product-v1/150x150/815551/chicco_toothbrush_3_6_years_pink_0.jpg,https://www.netmeds.com/non-prescriptions/chicco-toothbrush-3y-6y-pink-1-s,Rs. 161.10,Rs. 179.00,10% OFF,True
Chicco Toothbrush (6-36 Months) - Pink,Mfr: Artsana India Pvt Ltd,https://www.netmeds.com/images/product-v1/150x150/815547/chicco_toothbrush_6_36_months_pink_0_2.jpg,https://www.netmeds.com/non-prescriptions/chicco-pink-tooth-brush-1-s,Rs. 224.10,Rs. 249.00,10% OFF,True
Chicco Toothbrush (6-36 Months) - Green,Mfr: Artsana India Pvt Ltd,https://www.netmeds.com/images/product-v1/150x150/815542/chicco_toothbrush_6_36_months_green_0.jpg,https://www.netmeds.com/non-prescriptions/chicco-green-tooth-brush-1-s,Rs. 224.10,Rs. 249.00,10% OFF,True
Johnsons Milk + Rice Lotion 100 ml,Mfr: Johnson & Johnson Pvt Ltd,https://www.netmeds.com/images/product-v1/150x150/852426/johnsons_milk_rice_lotion_100_ml_0.jpg,https://www.netmeds.com/non-prescriptions/johnsons-milk-rice-lotion-100-ml,Rs. 95.00,None,None,True
Chicco Kids Toothpaste (Apple Banana) 50 ml,Mfr: Artsana India Pvt Ltd,https://www.netmeds.com/images/product-v1/150x150/815556/chicco_kids_toothpaste_apple_banana_50_ml_0.jpg,https://www.netmeds.com/non-prescriptions/chicco-apple-banana-tooth-paste-50ml,Rs. 251.10,Rs. 279.00,10% OFF,True
Pampers Baby-Dry Pants (S) 20's,Mfr: Procter & Gamble,https://www.netmeds.com/images/product-v1/150x150/410069/pampers_baby_dry_pants_s_20_s_0.jpg,https://www.netmeds.com/non-prescriptions/pampers-baby-dry-pants-light-dry-s-20-s,Rs. 229.00,None,None,True
Haslab Baby Tone-Up Tonic 100 ml,Mfr: Haslab,https://www.netmeds.com/images/product-v1/150x150/831959/haslab_baby_tone_up_tonic_100_ml_0.jpg,https://www.netmeds.com/non-prescriptions/haslab-baby-tone-up-tonic-100-ml,Rs. 80.00,None,None,True
Dr.Morpen Quick Chek Preg Card,Mfr: Dr Morepen,https://www.netmeds.com/images/product-v1/150x150/856559/dr_morpen_quick_chek_preg_card_0_0.jpg,https://www.netmeds.com/non-prescriptions/dr-morpen-quick-chek-preg-card,Rs. 57.00,Rs. 60.00,5% OFF,True
Johnson's Baby Soap (Buy 3 Get 1) 150 gm,Mfr: Johnson & Johnson Pvt Ltd,https://www.netmeds.com/images/product-v1/150x150/885245/johnson_s_baby_soap_buy_3_get_1_150_gm_0.jpg,https://www.netmeds.com/non-prescriptions/johnson-s-baby-soap-buy-3-get-1-150-gm,Rs. 270.00,None,None,True
Johnson's Baby Soap (Buy 3 Get 1) 100 gm,Mfr: Johnson & Johnson Pvt Ltd,https://www.netmeds.com/images/product-v1/150x150/885247/johnson_s_baby_soap_buy_3_get_1_100_gm_0.jpg,https://www.netmeds.com/non-prescriptions/johnson-s-baby-soap-buy-3-get-1-100-gm,Rs. 186.00,None,None,True
Pampers Premium Care Pants (M) 22's,Mfr: Procter & Gamble,https://www.netmeds.com/images/product-v1/150x150/840181/pampers_premium_care_pants_m_22s_0_0.jpg,https://www.netmeds.com/non-prescriptions/pampers-premium-care-pants-m-22-s,Rs. 399.00,None,None,True
SEBAMED BABY CLEANSING Bar 150gm,Mfr: Usv Private Ltd,https://www.netmeds.com/images/product-v1/150x150/410119/sebamed_baby_cleansing_bar_150gm_0.jpg,https://www.netmeds.com/prescriptions/sebamed-baby-cleansing-bar-150gm,Rs. 380.00,None,None,True
Palmer's Cocoa Butter Formula Plus Q10 Body Lotion - Firming Butter 315 ml,Mfr: E.T.Browne Drug Company,https://www.netmeds.com/images/product-v1/150x150/856591/palmer_s_skin_firming_lotion_bottle_315_ml_0.jpg,https://www.netmeds.com/non-prescriptions/palmer-s-skin-firming-lotion-bottle-315-ml,Rs. 468.00,Rs. 520.00,10% OFF,True
Johnson's Active Kids Clean & Fresh Shampoo 200 ml,Mfr: Johnson & Johnson Pvt Ltd,https://www.netmeds.com/images/product-v1/150x150/885256/johnson_s_active_kids_clean_fresh_shampoo_200_ml_0.jpg,https://www.netmeds.com/non-prescriptions/johnson-s-active-kids-clean-fresh-shampoo-200-ml,Rs. 200.00,None,None,True
SEBAMED EXTRA SOFT BABY Cream 200ml,Mfr: Usv Private Ltd,https://www.netmeds.com/images/product-v1/150x150/21000/sebamed_extra_soft_baby_cream_200ml_0.jpg,https://www.netmeds.com/prescriptions/sebamed-extra-soft-baby-cream-200ml,Rs. 637.00,None,None,True
Pristine Balance PL Nutrition Powder - Chocolate Flavour 200 gm (Tin),Mfr: Pristine Organics Pvt Ltd,https://www.netmeds.com/images/product-v1/150x150/823812/pristine_balance_pl_nutrition_powder_chocolate_flavour_200_gm_tin_0.jpg,https://www.netmeds.com/non-prescriptions/pristine-balance-pl-chocolate-200-gm,Rs. 234.00,Rs. 260.00,10% OFF,True
SEBAMED BABY CLEANSING BAR 100gm,Mfr: Usv Private Ltd,https://www.netmeds.com/images/product-v1/150x150/373260/sebamed_baby_cleansing_bar_100gm_0_0.jpg,https://www.netmeds.com/prescriptions/sebamed-baby-cleansing-bar-100gm,Rs. 265.00,None,None,True
Johnson's Baby Care Collection Baby Gift Box with Organic Cotton 1's,Mfr: Johnson & Johnson Pvt Ltd,https://www.netmeds.com/images/product-v1/150x150/885255/johnsons_baby_care_collection_baby_gift_box_with_organic_cotton_1s_0_1.jpg,https://www.netmeds.com/non-prescriptions/johnson-s-baby-care-collection-baby-gift-box-with-organic-cotton-1-s,Rs. 550.00,None,None,True
Pristine Balance PL Nutrition Powder - Vanilla Flavour 200 gm (Tin),Mfr: Pristine Organics Pvt Ltd,https://www.netmeds.com/images/product-v1/150x150/823810/pristine_balance_pl_nutrition_powder_vanilla_flavour_200_gm_tin_0.jpg,https://www.netmeds.com/non-prescriptions/pristine-balance-pl-vanilla-200-gm,Rs. 234.00,Rs. 260.00,10% OFF,True
Tulips Refreshing Wet Wipes - Magnolia 20's,Mfr: Ginni Filaments Ltd.,https://www.netmeds.com/images/product-v1/150x150/930334/tulips_refreshing_wet_wipes_magnolia_20s_0_0.jpg,https://www.netmeds.com/non-prescriptions/tulips-refreshing-wet-wipes-magnolia-20s,Rs. 60.00,None,None,True
Stayfree Advanced All Nights Ultra-comfort Sanitary Pads (XL) 28's,Mfr: Johnson & Johnson Pvt Ltd,https://www.netmeds.com/images/product-v1/150x150/885277/stayfree_advanced_all_nights_sanitary_pads_28_s_0.jpg,https://www.netmeds.com/non-prescriptions/stayfree-advanced-all-nights-sanitary-pads-28-s,Rs. 340.00,None,None,True
Tulips Refreshing Wet Wipes - Japanese Cherry 20's,Mfr: Ginni Filaments Ltd.,https://www.netmeds.com/images/product-v1/150x150/930335/tulips_refreshing_wet_wipes_japanese_cherry_20s_0_0.jpg,https://www.netmeds.com/non-prescriptions/tulips-refreshing-wet-wipes-japanese-cherry-20s,Rs. 60.00,None,None,True
Stayfree Secure Cottony with Wings Sanitary Pads (XL) 40's,Mfr: Johnson & Johnson Pvt Ltd,https://www.netmeds.com/images/product-v1/150x150/885276/stayfree_secure_cotton_soft_cover_with_wings_xl_sanitary_pad_40_s_0.jpg,https://www.netmeds.com/non-prescriptions/stayfree-secure-wings-sanitary-pads-xl-40-s,Rs. 220.00,None,None,True
Palmer's Coconut Oil Body Lotion 100 GM,Mfr: E.T.Browne Drug Company,https://www.netmeds.com/images/product-v1/150x150/856604/palmer_s_coconut_oil_body_lotion_100_gm_0.jpg,https://www.netmeds.com/non-prescriptions/palmer-s-coconut-oil-body-lotion-100-gm,Rs. 211.50,Rs. 235.00,10% OFF,True
Tulips Refreshing Wet Wipes - Summer Fresh 20's,Mfr: Ginni Filaments Ltd.,https://www.netmeds.com/images/product-v1/150x150/930333/tulips_refreshing_wet_wipes_summer_fresh_20s_0_0.jpg,https://www.netmeds.com/non-prescriptions/tulips-refreshing-wet-wipes-summer-fresh-20s,Rs. 60.00,None,None,True
Palmer's Cocoa Butter Formula Cream Soap 100 GM,Mfr: E.T.Browne Drug Company,https://www.netmeds.com/images/product-v1/150x150/856606/palmers_cocoa_butter_formula_cream_soap_100_gm_0_0.jpg,https://www.netmeds.com/non-prescriptions/palmer-s-cocoa-butter-formula-cream-soap-100-gm,Rs. 211.50,Rs. 235.00,10% OFF,True
Stayfree Dry Max All Night Ultra-Dry Wings (XL) 42's,Mfr: Johnson & Johnson Pvt Ltd,https://www.netmeds.com/images/product-v1/150x150/885278/stayfree_dry_max_all_nights_sanitary_pads_42_s_0.jpg,https://www.netmeds.com/non-prescriptions/stayfree-dry-max-all-nights-sanitary-pads-42-s,Rs. 450.00,None,None,True
Stayfree Secure Ultra Thin (XL) Sanitary Pad 10's,Mfr: Johnson & Johnson Pvt Ltd,https://www.netmeds.com/images/product-v1/150x150/885275/stayfree_secure_ultra_thin_xl_sanitary_pad_10_s_0.jpg,https://www.netmeds.com/non-prescriptions/stayfree-secure-ultra-thin-sanitary-pad-xl-10-s,Rs. 66.00,None,None,True
Palmer's Olive Oil Body Lotion Bottle 250 ml,Mfr: E.T.Browne Drug Company,https://www.netmeds.com/images/product-v1/150x150/856599/palmer_s_olive_oil_body_lotion_bottle_250_ml_0.jpg,https://www.netmeds.com/non-prescriptions/palmer-s-olive-oil-body-lotion-bottle-250-ml,Rs. 404.10,Rs. 449.00,10% OFF,True
Palmer's Cocoa Butter Formula Moisturizing Lotion with Vitamin E 400 ml,Mfr: E.T.Browne Drug Company,https://www.netmeds.com/images/product-v1/150x150/856598/palmer_s_cocoa_butter_formula_lotion_bottle_400_ml_0.jpg,https://www.netmeds.com/non-prescriptions/palmer-s-cocoa-butter-formula-lotion-bottle-400-ml,Rs. 490.50,Rs. 545.00,10% OFF,True
Similac Advance 3 Powder 400 gm -Refill Pack,Mfr: Abbott Healthcare Pvt Ltd,https://www.netmeds.com/images/product-v1/150x150/406041/similac_advance_3_powder_400_gm_refill_pack_0_2.jpg,https://www.netmeds.com/non-prescriptions/similac-advance-3-400gm,Rs. 560.00,None,None,True
Lactodex Hmf Sachet 1gm,Mfr: Raptakos Brett & Company Ltd,https://www.netmeds.com/images/product-v1/150x150/410146/lactodex_hmf_sachet_1gm_0.jpg,https://www.netmeds.com/prescriptions/lactodex-hmf-sachet-1gm,Rs. 26.25,None,None,True
Tulips Sensitive Baby Wet Wipes 20's,Mfr: Ginni Filaments Ltd.,https://www.netmeds.com/images/product-v1/150x150/930336/tulips_sensitive_baby_wet_wipes_20s_0_0.jpg,https://www.netmeds.com/non-prescriptions/tulips-sensitive-baby-wet-wipes-20s,Rs. 52.00,None,None,True
Tulips Sensitive Baby Wet Wipes 72's,Mfr: Ginni Filaments Ltd.,https://www.netmeds.com/images/product-v1/150x150/930337/tulips_sensitive_baby_wet_wipes_72s_0_0.jpg,https://www.netmeds.com/non-prescriptions/tulips-sensitive-baby-wet-wipes-72s,Rs. 139.00,None,None,True
Chicco Baby Moments Massage Oil 200 ml,Mfr: Artsana India Pvt Ltd,https://www.netmeds.com/images/product-v1/150x150/815674/chicco_baby_moments_massage_oil_200_ml_0.jpg,https://www.netmeds.com/non-prescriptions/chicco-baby-moments-massage-oil-200ml,Rs. 269.10,Rs. 299.00,10% OFF,True
Fil's Organic Baby Cereal With Milk & Ragi (6-24 Months) 300 gm,Mfr: Astar Marketing Pvt Ltd,https://www.netmeds.com/images/product-v1/150x150/856629/fils_organic_baby_cereal_with_milk_ragi_6_24_months_300_gm_0_1.jpg,https://www.netmeds.com/non-prescriptions/fil-s-organic-baby-cereal-with-milk-ragi-from-6-24-months-300gm,Rs. 234.00,Rs. 260.00,10% OFF,True
"Fil's Organic Baby Cereal With Milk,Ragi & Multi Fruits (10-24 Months) 300 gm",Mfr: Astar Marketing Pvt Ltd,"https://www.netmeds.com/images/product-v1/150x150/856628/fils_organic_baby_cereal_with_milk,ragi_multi_fruits_10_24_months_300_gm_0_1.jpg",https://www.netmeds.com/non-prescriptions/fil-s-organic-baby-cereal-with-milk-ragi-multi-fruits-from-10-24-months-300gm,Rs. 270.00,Rs. 300.00,10% OFF,True
"Fil's Organic Baby Cereal With Milk, Oatmeal & Rice (8-24 Months) 300 gm",Mfr: Astar Marketing Pvt Ltd,"https://www.netmeds.com/images/product-v1/150x150/856630/fils_organic_baby_cereal_with_milk,_oatmeal_rice_8_24_months_300_gm_0_1.jpg",https://www.netmeds.com/non-prescriptions/fil-s-organic-baby-cereal-with-milk-oatmeal-rice-from-8-24-months-300gm,Rs. 252.00,Rs. 280.00,10% OFF,True
Chicco Natural Sensation Massage Oil 100 ml,Mfr: Artsana India Pvt Ltd,https://www.netmeds.com/images/product-v1/150x150/852529/chicco_natural_sensation_massage_oil_100_ml_0.jpg,https://www.netmeds.com/non-prescriptions/chicco-natural-sensation-massage-oil-100-ml,Rs. 629.10,Rs. 699.00,10% OFF,True
Fil's Organic Baby Cereal With Milk Rice & Banana (8-24 Months) 300 gm,Mfr: Astar Marketing Pvt Ltd,https://www.netmeds.com/images/product-v1/150x150/856627/fils_organic_baby_cereal_with_milk_rice_banana_8_24_months_300_gm_0_1.jpg,https://www.netmeds.com/non-prescriptions/fil-s-organic-baby-cereal-with-milk-rice-banana-from-8-24-months-300gm,Rs. 243.00,Rs. 270.00,10% OFF,True
"Fil's Organic Baby Cereal With Milk, Multi Grains & Multi Fruits (2-24 Months) 300 gm",Mfr: Astar Marketing Pvt Ltd,"https://www.netmeds.com/images/product-v1/150x150/856626/fils_organic_baby_cereal_with_milk,_multi_grains_multi_fruits_2_24_months_300_gm_0_1.jpg",https://www.netmeds.com/non-prescriptions/fil-s-organic-baby-cereal-with-milk-multi-grains-multi-fruits-from-12-24-months-300gm,Rs. 270.00,Rs. 300.00,10% OFF,True
Intiwash New Liquid Wash 50ml,Mfr: Mankind Pharma Pvt Ltd,https://www.netmeds.com/images/product-v1/150x150/827981/intiwash_new_liquid_wash_50ml_0.jpg,https://www.netmeds.com/prescriptions/intiwash-new-liquid-wash-50ml,Rs. 100.00,None,None,True
Chicco Natural Sensation Liquid Talc 100 ml,Mfr: Artsana India Pvt Ltd,https://www.netmeds.com/images/product-v1/150x150/815691/chicco_natural_sensation_liquid_talc_100_ml_0.jpg,https://www.netmeds.com/non-prescriptions/chicco-natural-sensation-liquid-talc-100ml,Rs. 539.10,Rs. 599.00,10% OFF,True
Chicco Natural Sensation Body Lotion 500 ml,Mfr: Artsana India Pvt Ltd,https://www.netmeds.com/images/product-v1/150x150/815697/chicco_natural_sensation_body_lotion_500_ml_0.jpg,https://www.netmeds.com/non-prescriptions/chicco-natural-sensation-body-lotion-500ml,"Rs. 1,169.10","Rs. 1,299.00",10% OFF,True
Chicco Natural Feeling Manual Breast Pump,Mfr: Artsana India Pvt Ltd,https://www.netmeds.com/images/product-v1/150x150/815713/chicco_natural_feeling_manual_breast_pump_0.jpg,https://www.netmeds.com/non-prescriptions/chicco-natural-feeling-manual-breast-pump-1-s,"Rs. 1,799.10","Rs. 1,999.00",10% OFF,True
Chicco Fresh Relax Teething Ring,Mfr: Artsana India Pvt Ltd,https://www.netmeds.com/images/product-v1/150x150/815737/chicco_fresh_relax_teething_ring_0.jpg,https://www.netmeds.com/non-prescriptions/chicco-fresh-relax-teething-ring-1-s,Rs. 287.10,Rs. 319.00,10% OFF,True
Onelife Evening Primerose Oil Softgel 60's,Mfr: Lasons India Pvt Ltd,https://www.netmeds.com/images/product-v1/150x150/840310/onelife_evening_primerose_oil_softgel_60_s_0.jpg,https://www.netmeds.com/non-prescriptions/onelife-evening-primerose-oil-1000-mg,"Rs. 1,086.75","Rs. 1,449.00",25% OFF,True
Chicco Disinfectant Multipurpose 500 ml,Mfr: Artsana India Pvt Ltd,https://www.netmeds.com/images/product-v1/150x150/815757/chicco_disinfectant_multipurpose_500_ml_0_1.jpg,https://www.netmeds.com/non-prescriptions/chicco-disinfectant-multipurpose-500ml,Rs. 279.00,None,None,True
Chicco Baby Nail Scissors - Pink,Mfr: Artsana India Pvt Ltd,https://www.netmeds.com/images/product-v1/150x150/815768/chicco_baby_nail_scissors_pink_0.jpg,https://www.netmeds.com/non-prescriptions/chicco-baby-nail-scissors-pink-1-s,Rs. 269.10,Rs. 299.00,10% OFF,True
Chicco Baby Nail Scissors - Light Blue,Mfr: Artsana India Pvt Ltd,https://www.netmeds.com/images/product-v1/150x150/815769/chicco_baby_nail_scissors_light_blue_0_1.jpg,https://www.netmeds.com/non-prescriptions/chicco-baby-nail-scissors-blight-blue-1-s,Rs. 269.10,Rs. 299.00,10% OFF,True
Pampers Baby-Dry Pants (L) 44's,Mfr: Procter & Gamble,https://www.netmeds.com/images/product-v1/150x150/406163/pampers_baby_dry_pants_l_44_s_0.jpg,https://www.netmeds.com/non-prescriptions/pampers-baby-dry-pants-l-48-s,Rs. 699.00,None,None,True
Quick Dry Baby Bed Protector - Over Locked Stitched,Mfr: Shiva Texyran Limited,https://www.netmeds.com/images/product-v1/150x150/836286/quick_dry_baby_bed_protector_over_locked_stitched_0.jpg,https://www.netmeds.com/non-prescriptions/quick-dry-baby-bed-protector-over-locked-stitched-1-s,Rs. 699.00,None,None,True
Sanfe Disposable Seat Guard Paper Toilet Seat Cover 20's,Mfr: Redroom Technology Private Limited,https://www.netmeds.com/images/product-v1/150x150/922300/sanfe_disposable_seat_guard_paper_toilet_seat_cover_20s_0_0.jpg,https://www.netmeds.com/non-prescriptions/sanfe-disposable-seat-guard-paper-toilet-seat-cover-20s,Rs. 169.15,Rs. 199.00,15% OFF,True
Sanfe 3 in 1 Intimate Wash - Apple Cider Vinegar & Cranberry 100 ml,Mfr: Redroom Technology Private Limited,https://www.netmeds.com/images/product-v1/150x150/922301/sanfe_3_in_1_intimate_wash_apple_cider_vinegar_cranberry_100_ml_0_0.jpg,https://www.netmeds.com/non-prescriptions/sanfe-3-in-1-intimate-wash-apple-cider-vinegar-cranberry-100-ml,Rs. 199.60,Rs. 499.00,60% OFF,True
Himalaya Baby Extra Moisturizing Baby Wash 200 ml,Mfr: Himalaya Baby Care,https://www.netmeds.com/images/product-v1/150x150/823993/himalaya_baby_extra_moisturizing_baby_wash_200_ml_0.jpg,https://www.netmeds.com/non-prescriptions/himalaya-baby-extra-moisturizing-baby-wash-200-ml,Rs. 139.50,Rs. 155.00,10% OFF,True
Himalaya Baby Refreshing Baby Wash 100 ml,Mfr: Himalaya Baby Care,https://www.netmeds.com/images/product-v1/150x150/823994/himalaya_baby_refreshing_baby_wash_100_ml_0.jpg,https://www.netmeds.com/non-prescriptions/himalaya-baby-refreshing-baby-wash-100-ml,Rs. 76.50,Rs. 85.00,10% OFF,True
Himalaya Baby Refreshing Baby Wash 200 ml,Mfr: Himalaya Baby Care,https://www.netmeds.com/images/product-v1/150x150/823995/himalaya_baby_refreshing_baby_wash_200_ml_0.jpg,https://www.netmeds.com/non-prescriptions/himalaya-baby-refreshing-baby-wash-200-ml,Rs. 139.50,Rs. 155.00,10% OFF,True
Johnson's Active Kids Soft & Smooth Shampoo 200 ml,Mfr: Johnson & Johnson Pvt Ltd,https://www.netmeds.com/images/product-v1/150x150/815821/johnson_s_active_kids_soft_smooth_shampoo_200_ml_0.jpg,https://www.netmeds.com/non-prescriptions/johnsons-activ-kids-clean-fresh-baby-shampoo-200ml,Rs. 200.00,None,None,True
Quick Dry - Babies Garments & Accessories - Reusable Diaper,Mfr: Shiva Texyran Limited,https://www.netmeds.com/images/product-v1/150x150/836302/quick_dry_babies_garments_accessories_reusable_diaper_0_0.jpg,https://www.netmeds.com/non-prescriptions/quick-dry-babies-garments-accessories-reusable-diaper-1-s,Rs. 499.00,None,None,True
Himalaya Baby Gentle Baby Soap 100 gm,Mfr: Himalaya Baby Care,https://www.netmeds.com/images/product-v1/150x150/824003/himalaya_baby_gentle_baby_soap_100_gm_0.jpg,https://www.netmeds.com/non-prescriptions/himalaya-baby-gentle-baby-soap-100gm,Rs. 52.20,Rs. 58.00,10% OFF,True
Himalaya Baby Gift Pack -JAR,Mfr: Himalaya Baby Care,https://www.netmeds.com/images/product-v1/150x150/824025/himalaya_baby_gift_pack_jar_0.jpg,https://www.netmeds.com/non-prescriptions/himalaya-baby-gift-pack-spsw-jar-1-s,Rs. 175.50,Rs. 195.00,10% OFF,True
MamyPoko Pants Standard (M) 4's,Mfr: Unicharm India Pvt Ltd,https://www.netmeds.com/images/product-v1/150x150/410323/mamypoko_pants_standard_m_4_s_0.jpg,https://www.netmeds.com/non-prescriptions/mamy-poko-pants-standard-m-4-s,Rs. 37.40,Rs. 44.00,15% OFF,True
Himalaya Baby Diapers (S) 54's,Mfr: Himalaya Baby Care,https://www.netmeds.com/images/product-v1/150x150/824027/himalaya_baby_diapers_s_54_s_0.jpg,https://www.netmeds.com/non-prescriptions/himalaya-baby-diapers-small-54-pcs,Rs. 630.00,Rs. 700.00,10% OFF,True
"Himalaya Baby Gift Pack (Soap,Oil,Powder)",Mfr: Himalaya Baby Care,https://www.netmeds.com/images/product-v1/150x150/824023/himalaya_baby_gift_pack_soap_oil_powder_0.jpg,https://www.netmeds.com/non-prescriptions/himalaya-baby-gift-pack-sop-1-s,Rs. 193.50,Rs. 215.00,10% OFF,True
Himalaya Baby care - Gift Pack Basket (Set of 9),Mfr: Himalaya Baby Care,https://www.netmeds.com/images/product-v1/150x150/824018/himalaya_baby_care_gift_pack_basket_set_of_9_0.jpg,https://www.netmeds.com/non-prescriptions/himalaya-happy-baby-gift-pack-9-s-1-s,Rs. 770.00,"Rs. 1,000.00",23% OFF,True
Visyneral Zinc Drops 15ml,Mfr: Usv Private Ltd,https://www.netmeds.com/images/product-v1/150x150/856787/visyneral_zinc_drops_15ml_0.jpg,https://www.netmeds.com/prescriptions/visyneral-zinc-drops-15ml,Rs. 55.35,None,None,True
Himalaya Baby gift pack basket (Set of 7),Mfr: Himalaya Baby Care,https://www.netmeds.com/images/product-v1/150x150/824019/himalaya_baby_gift_pack_basket_set_of_7_0.jpg,https://www.netmeds.com/non-prescriptions/himalaya-baby-gift-pack-basket-1-s,Rs. 621.00,Rs. 690.00,10% OFF,True
Folygel Capsule 10'S,Mfr: Kinesis Pharmaceuticals Pvt.Ltd,https://www.netmeds.com/images/product-v1/150x150/410343/folygel_capsule_10_s_0.jpg,https://www.netmeds.com/prescriptions/folygel-capsule-10-s,Rs. 30.00,None,None,True
Pampers All Round Protection Diaper Pants (M) 7's,Mfr: Procter & Gamble,https://www.netmeds.com/images/product-v1/150x150/922344/pampers_all_round_protection_diaper_pants_m_7s_0_0.jpg,https://www.netmeds.com/non-prescriptions/pampers-all-round-protection-diaper-pants-m-7s,Rs. 105.00,None,None,True
Farex Baby Food (8+ months) - Wheat Rice Fruits 300 gm (Refill),Mfr: Danone Nutricia India,https://www.netmeds.com/images/product-v1/150x150/406248/farex_wheat_rice_fruits_300_gm_refill_pack_0.jpg,https://www.netmeds.com/non-prescriptions/farex-wheat-rice-fruits-300gm-rf,Rs. 260.00,None,None,True
Farex Baby Food (10+ months) - Multi Cereal Mixed Fruits 300 gm (Refill),Mfr: Danone Nutricia India,https://www.netmeds.com/images/product-v1/150x150/406249/farex_multi_cereal_mixed_fruits_300_gm_refill_pack_0.jpg,https://www.netmeds.com/non-prescriptions/farex-multi-cereal-mixed-fruits-300gm-rf,Rs. 275.00,None,None,True
Himalaya Total Care Baby Pants (M) 54's,Mfr: Himalaya Baby Care,https://www.netmeds.com/images/product-v1/150x150/824056/himalaya_total_care_baby_pants_m_54_s_0.jpg,https://www.netmeds.com/non-prescriptions/himalaya-total-care-baby-pants-medium-m-54-s,Rs. 697.50,Rs. 775.00,10% OFF,True
Himalaya Total Care Baby Pants (S) 54's,Mfr: Himalaya Baby Care,https://www.netmeds.com/images/product-v1/150x150/824055/himalaya_total_care_baby_pants_s_54_s_0.jpg,https://www.netmeds.com/non-prescriptions/himalaya-total-care-baby-pants-small-s-54-s,Rs. 630.00,Rs. 700.00,10% OFF,True
Sofy Antibacteria Pads (XL) 7's,Mfr: Unicharm India Pvt Ltd,https://www.netmeds.com/images/product-v1/150x150/406285/sofy_antibacteria_pads_xl_7_s_0.jpg,https://www.netmeds.com/non-prescriptions/sofy-bodyfit-antibacteria-xl-7-s,Rs. 53.10,Rs. 59.00,10% OFF,True
Ciphands Smart Germ Protection Wipes 40's,Mfr: GINNI FILAMENTS LTD,https://www.netmeds.com/images/product-v1/150x150/922384/ciphands_smart_germ_protection_wipes_40s_0_2.jpg,https://www.netmeds.com/non-prescriptions/ciphands-smart-germ-protection-wipes-40s,Rs. 140.00,None,None,True
Ciphands Smart Germ Protection Wipes 10's,Mfr: GINNI FILAMENTS LTD,https://www.netmeds.com/images/product-v1/150x150/922385/ciphands_smart_germ_protection_wipes_10s_0_2.jpg,https://www.netmeds.com/non-prescriptions/ciphands-smart-germ-protection-wipes-10s,Rs. 45.00,None,None,True
Amrutanjan Comfy Snug Fit Sanitary Pads - Extra Long 7's,Mfr: Amrutanjan Ltd,https://www.netmeds.com/images/product-v1/150x150/922413/amrutanjan_comfy_snug_fit_sanitary_pads_extra_long_7s_0_0.jpg,https://www.netmeds.com/non-prescriptions/amrutanjan-comfy-snug-fit-sanitary-pads-extra-long-7s,Rs. 32.30,Rs. 34.00,5% OFF,True
Vygene Solution 100ml,Mfr: Stedman Pharmaceuticals Pvt Ltd,https://www.netmeds.com/images/product-v1/150x150/49967/vygene_solution_100ml_0.jpg,https://www.netmeds.com/prescriptions/vygene-solution-100ml,Rs. 169.40,None,None,True
Nestle Cerelac Stage 3 (10 Months+) Powder 300 gm - Wheat Honey Dates (Refill Pack),Mfr: Nestle India Ltd,https://www.netmeds.com/images/product-v1/150x150/840507/nestle_cerelac_stage_3_10_months_powder_300_gm_wheat_honey_dates_refill_pack_0.jpg,https://www.netmeds.com/non-prescriptions/nestle-cerelac-stage-3-wheat-honey-dates-300-gm,Rs. 254.00,None,None,True
Nestle Nangrow (2-5 Years) Powder 400 gm  Creamy Vanilla Flavour (Refill Pack),Mfr: Nestle India Ltd,https://www.netmeds.com/images/product-v1/150x150/840503/nestle_nangrow_2_5_years_powder_400_gm_refill_pack_0.jpg,https://www.netmeds.com/non-prescriptions/nestle-nangrow-bib-400-gm,Rs. 550.00,None,None,True
Protone Mom Chocolate Powder 200gm,Mfr: Aristo Pharmaceuticals Pvt Ltd,https://www.netmeds.com/images/product-v1/150x150/373561/protone_mom_choco_powder_200gm_0.jpg,https://www.netmeds.com/prescriptions/protone-mom-choco-powder-200gm,Rs. 299.00,None,None,True
